{"(A,B)": ["ETHUSDT", "BTCUSDT"], "model": "<Strategy.PairTrading.model.OLS object at 0x177a65f10>", "exit_time": "2023-09-17 03:10:05", "order_type": 6, "receivePriceA": 1633.32, "receivePriceB": 26533.3, "costPriceA": 1633.3200000000002, "costPriceB": 26533.3, "profit": -0.24811952000000054, "ret": -0.002427009779659331, "snapShot": "{\"n_std_OLS\":-0.2328316433,\"ewm_OLS\":-0.3258320743,\"ewm_lag1_OLS\":-0.3656894018,\"diff_ewm_OLS\":0.1328577586,\"n_std_TLS\":null,\"ewm_TLS\":null,\"ewm_lag1_TLS\":null,\"diff_ewm_TLS\":null,\"A_ATR\":0.0021428746,\"B_ATR\":0.0012625644,\"residual_OLS\":145.4885867929,\"residual_TLS\":null,\"spread\":null,\"upper_in\":null,\"lower_in\":null,\"upper_out\":null,\"lower_out\":null,\"ATR_big\":0.0021428746,\"A\":1633.32,\"B\":26533.3,\"profit_list\":-0.24811952,\"ret\":-0.0024270098,\"idx\":2}"}
