{"ret": -0.0010351537572163621, "profit": -0.10582645999999747}
{"ret": -0.0010351537572163621, "profit": -0.10582645999999747}
{"ret": -0.0010351537572163621, "profit": -0.10582645999999747}
{"ret": -0.0010351537572163621, "profit": -0.10582645999999747}
{"ret": -0.0008415552377618028, "profit": -0.08603438000000728}
{"ret": -0.0008415552377618028, "profit": -0.08603438000000728}
{"ret": -0.000870888346770084, "profit": -0.08903318000000729}
{"ret": -0.0010195094324120131, "profit": -0.10422710000000437}
{"ret": -0.0010195094324120131, "profit": -0.10422710000000437}
{"ret": -0.0009647542955965691, "profit": -0.09862934000000581}
{"ret": -0.0009647542955965691, "profit": -0.09862934000000581}
{"ret": -0.0010752423395277808, "profit": -0.10992482000000782}
{"ret": -0.0010752423395277808, "profit": -0.10992482000000782}
{"ret": -0.0010752423395277808, "profit": -0.10992482000000782}
{"ret": -0.0012512409935773435, "profit": -0.12791761999999512}
{"ret": -0.0012512409935773435, "profit": -0.12791761999999512}
{"ret": -0.0012512409935773435, "profit": -0.12791761999999512}
{"ret": -0.0013392403206021863, "profit": -0.13691401999999508}
{"ret": -0.0013529291048062163, "profit": -0.138313460000012}
{"ret": -0.0013529291048062163, "profit": -0.138313460000012}
{"ret": -0.0015005724201478127, "profit": -0.1534074200000033}
{"ret": -0.0015563053272635628, "profit": -0.15910514000000492}
{"ret": -0.0015563053272635628, "profit": -0.15910514000000492}
{"ret": -0.0016061716125775995, "profit": -0.1642031000000007}
{"ret": -0.0016032383016768412, "profit": -0.16390322000000784}
{"ret": -0.0015944383689742978, "profit": -0.1630035800000018}
{"ret": -0.0017293706704124018, "profit": -0.17679806000000292}
{"ret": -0.0019151470274648844, "profit": -0.19579046000000655}
{"ret": -0.0022612777137626066, "profit": -0.23117630000000705}
{"ret": -0.002130256493525515, "profit": -0.21778165999999655}
{"ret": -0.002199678184845179, "profit": -0.22487882000000325}
{"ret": -0.002199678184845179, "profit": -0.22487882000000325}
{"ret": -0.0022104336581482372, "profit": -0.22597838000000547}
{"ret": -0.0022211891314512415, "profit": -0.2270779400000022}
{"ret": -0.0023561214328893455, "profit": -0.2408724200000033}
{"ret": -0.0023561214328893455, "profit": -0.2408724200000033}
{"ret": -0.0023649213655918882, "profit": -0.24177206000000928}
{"ret": -0.002514520221534052, "profit": -0.25706594000000216}
{"ret": -0.002514520221534052, "profit": -0.25706594000000216}
{"ret": -0.002514520221534052, "profit": -0.25706594000000216}
{"ret": -0.002518431302735171, "profit": -0.25746578000000364}
{"ret": -0.0024069654885036707, "profit": -0.2460703400000004}
{"ret": -0.0024069654885036707, "profit": -0.2460703400000004}
{"ret": -0.0024069654885036707, "profit": -0.2460703400000004}
{"ret": -0.0024069654885036707, "profit": -0.2460703400000004}
{"ret": -0.0024069654885036707, "profit": -0.2460703400000004}
{"ret": -0.002321899472379666, "profit": -0.23737382000000146}
{"ret": -0.0023805656903963086, "profit": -0.24337142000000966}
{"ret": -0.0023805656903963086, "profit": -0.24337142000000966}
{"ret": -0.002404032177602912, "profit": -0.24577046000000746}
{"ret": -0.002404032177602912, "profit": -0.24577046000000746}
{"ret": -0.0024274986648095153, "profit": -0.24816950000000526}
{"ret": -0.0024274986648095153, "profit": -0.24816950000000526}
{"ret": -0.0024274986648095153, "profit": -0.24816950000000526}
{"ret": -0.0024450985302144684, "profit": -0.24996878000000367}
{"ret": -0.0024450985302144684, "profit": -0.24996878000000367}
{"ret": -0.0024274986648095153, "profit": -0.24816950000000526}
{"ret": -0.0024274986648095153, "profit": -0.24816950000000526}
{"ret": -0.0024274986648095153, "profit": -0.24816950000000526}
{"ret": -0.0006576087892981831, "profit": -0.06716974000001075}
{"ret": -0.0006654378593023697, "profit": -0.06796942000000637}
{"ret": -0.0006771814643087565, "profit": -0.06916894000001074}
{"ret": -0.0006184634392770361, "profit": -0.06317134000001073}
{"ret": -0.0006184634392770361, "profit": -0.06317134000001073}
{"ret": -0.0006184634392770361, "profit": -0.06317134000001073}
{"ret": -0.000581275356756918, "profit": -0.05937286000000783}
{"ret": -0.000581275356756918, "profit": -0.05937286000000783}
{"ret": -0.000581275356756918, "profit": -0.05937286000000783}
{"ret": -0.000581275356756918, "profit": -0.05937286000000783}
{"ret": -0.000581275356756918, "profit": -0.05937286000000783}
{"ret": -0.000581275356756918, "profit": -0.05937286000000783}
{"ret": -0.000581275356756918, "profit": -0.05937286000000783}
{"ret": -0.000581275356756918, "profit": -0.05937286000000783}
{"ret": -0.000581275356756918, "profit": -0.05937286000000783}
{"ret": -0.0005714890192516312, "profit": -0.05837326000000782}
{"ret": -0.0005714890192516312, "profit": -0.05837326000000782}
{"ret": -0.0005225573317251175, "profit": -0.05337525999999965}
{"ret": -0.0005225573317251175, "profit": -0.05337525999999965}
{"ret": -0.0005225573317251175, "profit": -0.05337525999999965}
{"ret": -0.0005225573317251175, "profit": -0.05337525999999965}
{"ret": -0.0005078778254672675, "profit": -0.05187586000000782}
{"ret": -0.0004579675041902837, "profit": -0.04677790000000564}
{"ret": -0.0004579675041902837, "profit": -0.04677790000000564}
{"ret": -0.0004599247716913127, "profit": -0.046977820000002744}
{"ret": -0.0004599247716913127, "profit": -0.046977820000002744}
{"ret": -0.0004951555867103307, "profit": -0.05057638000000128}
{"ret": -0.0005068991917167174, "profit": -0.05177590000000564}
{"ret": -0.000614548904274925, "profit": -0.06277150000001111}
{"ret": -0.000614548904274925, "profit": -0.06277150000001111}
{"ret": -0.000614548904274925, "profit": -0.06277150000001111}
{"ret": -0.000614548904274925, "profit": -0.06277150000001111}
{"ret": -0.000614548904274925, "profit": -0.06277150000001111}
{"ret": -0.000614548904274925, "profit": -0.06277150000001111}
{"ret": -0.000614548904274925, "profit": -0.06277150000001111}
{"ret": -0.000614548904274925, "profit": -0.06277150000001111}
{"ret": -0.000614548904274925, "profit": -0.06277150000001111}
{"ret": -0.0006546728888465061, "profit": -0.06686986000000146}
{"ret": -0.0006546728888465061, "profit": -0.06686986000000146}
{"ret": -0.0006625019580506929, "profit": -0.0676695399999971}
{"ret": -0.0006625019580506929, "profit": -0.0676695399999971}
{"ret": -0.0006625019580506929, "profit": -0.0676695399999971}
{"ret": -0.000664459225551793, "profit": -0.06786946000000146}
{"ret": -0.0006840319005623665, "profit": -0.06986866000000147}
{"ret": -0.0006840319005623665, "profit": -0.06986866000000147}
{"ret": -0.0006918609705665531, "profit": -0.0706683399999971}
{"ret": -0.0007094763780760977, "profit": -0.07246762000000001}
{"ret": -0.0007094763780760977, "profit": -0.07246762000000001}
{"ret": -0.0007094763780760977, "profit": -0.07246762000000001}
{"ret": -0.0007094763780760977, "profit": -0.07246762000000001}
{"ret": -0.0007094763780760977, "profit": -0.07246762000000001}
{"ret": -0.0007094763780760977, "profit": -0.07246762000000001}
{"ret": -0.0007094763780760977, "profit": -0.07246762000000001}
{"ret": -0.0007329635880887646, "profit": -0.07486665999999784}
{"ret": -0.0007329635880887646, "profit": -0.07486665999999784}
{"ret": -0.0007701516706089271, "profit": -0.07866514000000528}
{"ret": -0.0007701516706089271, "profit": -0.07866514000000528}
{"ret": -0.0007701516706089271, "profit": -0.07866514000000528}
{"ret": -0.0007721089381100271, "profit": -0.07886506000000965}
{"ret": -0.0007897243456195274, "profit": -0.08066434000000802}
{"ret": -0.0010765747809776413, "profit": -0.10991989999998864}
{"ret": -0.0011695822294480627, "profit": -0.11941609999999137}
{"ret": -0.0011725193067682444, "profit": -0.11971597999999789}
{"ret": -0.0011783934614084748, "profit": -0.12031573999999737}
{"ret": -0.0011783934614084748, "profit": -0.12031573999999737}
{"ret": -0.0012400720851309575, "profit": -0.12661321999999844}
{"ret": -0.0012400720851309575,