{"ret": -0.0006407912069816689, "profit": -0.06537761999999454}
{"ret": -0.0006349127284702303, "profit": -0.0647778599999951}
{"ret": -0.000608459575168689, "profit": -0.06207893999999073}
{"ret": -0.000608459575168689, "profit": -0.06207893999999073}
{"ret": -0.0005996418574015978, "profit": -0.06117929999999837}
{"ret": -0.0005996418574015978, "profit": -0.06117929999999837}
{"ret": -0.0005996418574015978, "profit": -0.06117929999999837}
{"ret": -0.0005996418574015978, "profit": -0.06117929999999837}
{"ret": -0.0006554874032601991, "profit": -0.06687701999998637}
{"ret": -0.0006554874032601991, "profit": -0.06687701999998637}
{"ret": -0.0006584266425159851, "profit": -0.0671768999999929}
{"ret": -0.0006584266425159851, "profit": -0.0671768999999929}
{"ret": -0.0006848797958175264, "profit": -0.06987581999999727}
{"ret": -0.0006848797958175264, "profit": -0.06987581999999727}
{"ret": -0.0006848797958175264, "profit": -0.06987581999999727}
{"ret": -0.0006848797958175264, "profit": -0.06987581999999727}
{"ret": -0.0006848797958175264, "profit": -0.06987581999999727}
{"ret": -0.0006848797958175264, "profit": -0.06987581999999727}
{"ret": -0.0006848797958175264, "profit": -0.06987581999999727}
{"ret": -0.0006848797958175264, "profit": -0.06987581999999727}
{"ret": -0.000760320270047608, "profit": -0.07757273999998526}
{"ret": -0.0007740367199076586, "profit": -0.07897217999998674}
{"ret": -0.0007740367199076586, "profit": -0.07897217999998674}
{"ret": -0.0007740367199076586, "profit": -0.07897217999998674}
{"ret": -0.0007740367199076586, "profit": -0.07897217999998674}
{"ret": -0.0007740367199076586, "profit": -0.07897217999998674}
{"ret": -0.0007799151984190973, "profit": -0.07957193999998619}
{"ret": -0.0007799151984190973, "profit": -0.07957193999998619}
{"ret": -0.0007799151984190973, "profit": -0.07957193999998619}
{"ret": -0.0007799151984190973, "profit": -0.07957193999998619}
{"ret": -0.0007799151984190973, "profit": -0.07957193999998619}
{"ret": -0.0007799151984190973, "profit": -0.07957193999998619}
{"ret": -0.0007799151984190973, "profit": -0.07957193999998619}
{"ret": -0.0007799151984190973, "profit": -0.07957193999998619}
{"ret": -0.0007799151984190973, "profit": -0.07957193999998619}
{"ret": -0.0007799151984190973, "profit": -0.07957193999998619}
{"ret": -0.0007799151984190973, "profit": -0.07957193999998619}
{"ret": -0.0007818746912562882, "profit": -0.07977185999999056}
{"ret": -0.0007818746912562882, "profit": -0.07977185999999056}
{"ret": -0.0007818746912562882, "profit": -0.07977185999999056}
{"ret": -0.0008916062901366652, "profit": -0.09096737999999946}
{"ret": -0.0008916062901366652, "profit": -0.09096737999999946}
{"ret": -0.0008916062901366652, "profit": -0.09096737999999946}
{"ret": -0.0008916062901366652, "profit": -0.09096737999999946}
{"ret": -0.0008916062901366652, "profit": -0.09096737999999946}
{"ret": -0.0008916062901366652, "profit": -0.09096737999999946}
{"ret": -0.0008916062901366652, "profit": -0.09096737999999946}
{"ret": -0.0008827885723694403, "profit": -0.09006773999999346}
{"ret": -0.0008827885723694403, "profit": -0.09006773999999346}
{"ret": -0.0008827885723694403, "profit": -0.09006773999999346}
{"ret": -0.0008827885723694403, "profit": -0.09006773999999346}
{"ret": -0.0008827885723694403, "profit": -0.09006773999999346}
{"ret": -0.0008710316153465629, "profit": -0.08886821999999456}
{"ret": -0.0008710316153465629, "profit": -0.08886821999999456}
{"ret": -0.0008357607442779303, "profit": -0.08526965999999782}
{"ret": -0.0008357607442779303, "profit": -0.08526965999999782}
{"ret": -0.0008357607442779303, "profit": -0.08526965999999782}
{"ret": -0.0008357607442779303, "profit": -0.08526965999999782}
{"ret": -0.0008210645479992666, "profit": -0.08377025999999237}
