{"ret": -0.00035325369288374424, "profit": -0.03608218000000856}
{"ret": -0.00037380500164476083, "profit": -0.03818133999999982}
{"ret": -0.00037380500164476083, "profit": -0.03818133999999982}
{"ret": -0.00030432200535733723, "profit": -0.031084180000011286}
{"ret": -0.00030432200535733723, "profit": -0.031084180000011286}
{"ret": -0.0003004074703552082, "profit": -0.030684340000009823}
{"ret": -0.0003004074703552082, "profit": -0.030684340000009823}
{"ret": -0.0003004074703552082, "profit": -0.030684340000009823}
{"ret": -0.00034151008787737514, "profit": -0.034882660000006005}
{"ret": -0.00034151008787737514, "profit": -0.034882660000006005}
{"ret": -0.00032780921536995953, "profit": -0.03348322000000456}
{"ret": -0.00032780921536995953, "profit": -0.03348322000000456}
{"ret": -0.00032780921536995953, "profit": -0.03348322000000456}
{"ret": -0.00032780921536995953, "profit": -0.03348322000000456}
{"ret": -0.00032780921536995953, "profit": -0.03348322000000456}
{"ret": -0.0002867065978478015, "profit": -0.02928490000000928}
{"ret": -0.0002867065978478015, "profit": -0.02928490000000928}
{"ret": -0.0002867065978478015, "profit": -0.02928490000000928}
{"ret": -0.0002867065978478015, "profit": -0.02928490000000928}
{"ret": -0.0002867065978478015, "profit": -0.02928490000000928}
{"ret": -0.0002867065978478015, "profit": -0.02928490000000928}
{"ret": -0.0002867065978478015, "profit": -0.02928490000000928}
{"ret": -0.00031802287786467277, "profit": -0.03248362000000456}
{"ret": -0.00031802287786467277, "profit": -0.03248362000000456}
{"ret": -0.00031802287786467277, "profit": -0.03248362000000456}
{"ret": -0.00031802287786467277, "profit": -0.03248362000000456}
{"ret": -0.00031802287786467277, "profit": -0.03248362000000456}
{"ret": -0.00031802287786467277, "profit": -0.03248362000000456}
{"ret": -0.00031802287786467277, "profit": -0.03248362000000456}
{"ret": -0.000228967206566551, "profit": -0.023387260000003282}
{"ret": -0.00010076618524737123, "profit": -0.010292500000011091}
{"ret": -6.553537022823768e-05, "profit": -0.006693940000000745}
{"ret": -8.021487648622109e-05, "profit": -0.00819334000000619}
{"ret": -0.0001271892965115548, "profit": -0.012991420000001835}
{"ret": -0.0001271892965115548, "profit": -0.012991420000001835}
{"ret": -0.0001271892965115548, "profit": -0.012991420000001835}
{"ret": -0.0001271892965115548, "profit": -0.012991420000001835}
{"ret": -0.0001271892965115548, "profit": -0.012991420000001835}
{"ret": -0.00013012519776320482, "profit": -0.013291300000008374}
{"ret": -0.00013599700026637162, "profit": -0.013891060000007838}
{"ret": -0.00013012519776320482, "profit": -0.013291300000008374}
{"ret": -0.00013012519776320482, "profit": -0.013291300000008374}
{"ret": -0.00013012519776320482, "profit": -0.013291300000008374}
{"ret": -0.00013012519776320482, "profit": -0.013291300000008374}
{"ret": -0.00013012519776320482, "profit": -0.013291300000008374}
{"ret": -0.00013012519776320482, "profit": -0.013291300000008374}
{"ret": -9.097984774205782e-05, "profit": -0.009292900000008368}
{"ret": -4.6941328968240876e-05, "profit": -0.004794700000005647}
{"ret": -4.6941328968240876e-05, "profit": -0.004794700000005647}
{"ret": -4.6941328968240876e-05, "profit": -0.004794700000005647}
{"ret": -0.00010565935399992575, "profit": -0.010792300000002017}
{"ret": -0.0001115311565030924, "profit": -0.011392060000001467}
{"ret": -0.0007848251005126832, "profit": -0.08013181999999572}
{"ret": -0.0007848251005126832, "profit": -0.08013181999999572}
{"ret": -0.0008288812603144759, "profit": -0.08463001999999845}
{"ret": -0.0008288812603144759, "profit": -0.08463001999999845}
{"ret": -0.0008611891108356746, "profit": -0.08792869999998862}
{"ret": -0.0008758744974363168, "profit": -0.08942809999999408}
{"ret": -0.0008758744974363168, "profit": -0.08942809999999408}
{"ret": -0.0008788115747564985, "profit": -0.08972798000000062}
{"ret": -0.000881748652076547, "profit": -0.09002785999999355}
{"ret": -0.0008641261881558122, "profit": -0.08822857999999065}
{"ret": -0.0008886018324902331, "profit": -0.09072758000000153}
{"ret": -0.0009541965593061049, "profit": -0.09742489999999226}
{"ret": -0.0009865044098274374, "profit": -0.1007235799999961}
{"ret": -0.001021749337668818, "profit": -0.10432213999999282}
{"ret": -0.0010481830335499203, "profit": -0.10702105999999717}
{"ret": -0.001024686414989, "profit": -0.10462201999999937}
{"ret": -0.0009453853273458267, "profit": -0.09652525999999992}
{"ret": -0.0009659448685865653, "profit": -0.09862441999999119}
{"ret": -0.001021749337668818, "profit": -0.10432213999999282}
{"ret": -0.0010775538067510709, "profit": -0.11001985999999445}
{"ret": -0.0011490226882072529, "profit": -0.11731693999999282}
{"ret": -0.001151959765527301, "profit": -0.11761681999998572}
{"ret": -0.001103987502632182, "profit": -0.11271877999999971}
{"ret": -0.0011539178170740711, "profit": -0.11781673999998826}
{"ret": -0.0011940578737824128, "profit": -0.121915099999995}
{"ret": -0.0012234286469835634, "profit": -0.12491389999999228}
{"ret": -0.0011059455541788275, "profit": -0.11291869999998955}
{"ret": -0.0010442669304563444, "profit": -0.10662121999998844}
{"ret": -0.001000210770654552, "profit": -0.10212301999998571}
{"ret": -0.0009561546108528929, "profit": -0.09762481999999663}
{"ret": -0.0009532175335327111, "profit": -0.09732493999999009}
{"ret": -0.0009209096830113786, "profit": -0.09402625999998626}
{"ret": -0.0009091613737309185, "profit": -0.09282673999998736}
{"ret": -0.0008416085953682053, "profit": -0.08592949999998681}
{"ret": -0.0008416085953682053, "profit": -0.08592949999998681}
{"ret": -0.0008504198273286173, "profit": -0.08682913999999281}
{"ret": -0.0008709793685694894, "profit": -0.08892829999999771}
{"ret": -0.0008709793685694894, "profit": -0.08892829999999771}
{"ret": -0.0008856647551699979, "profit": -0.09042769999998954}
{"ret": -0.0009297209149717906, "profit": -0.09492589999999226}
{"ret": -0.0009297209149717906, "profit": -0.09492589999999226}
{"ret": -0.0009297209149717906, "profit": -0.09492589999999226}
{"ret": -0.0009297209149717906, "profit": -0.09492589999999226}
{"ret": -0.0009297209149717906, "profit": -0.09492589999999226}
{"ret": -0.0009297209149717906, "profit": -0.09492589999999226}
{"ret": -0.0008298602860877985, "profit": -0.08472997999999335}
{"ret": -0.0008416085953682589, "profit": -0.08592949999999228}
{"ret": -0.0008416085953682589, "profit": -0.08592949999999228}
{"ret": -0.0008445456726883071, "profit": -0.08622937999998517}
{"ret": -0.0008445456726883071, "profit": -0.08622937999998517}
{"ret": -0.0008445456726883071, "profit": -0.08622937999998517}
{"ret": -0.0009238467603316139, "profit": -0.09432613999999827}
{"ret": -0.0009238467603316139, "profit": -0.09432613999999827}
{"ret": -0.0009238467603316139, "profit": -0.09432613999999827}
{"ret": -0.0009238467603316139, "profit": -0.09432613999999827}
{"ret": -0.0009238467603316139, "profit": -0.09432613999999827}
{"ret": -0.0009238467603316139, "profit": -0.09432613999999827}
{"ret": -0.0009238467603316139, "profit": -0.09432613999999827}
{"ret": -0.0009238467603316139, "profit": -0.09432613999999827}
{"ret": -0.0009238467603316139, "profit": -0.09432613999999827}
{"ret": -0.0005898443932157595, "profit": -0.060179699999988366}
{"ret": -0.0005898443932157595, "profit": -0.060179699999988366}
{"ret": -0.0005898443932157595, "profit": -0.060179699999988366}
{"ret": -0.0005898443932157595, "profit": -0.060179699999988366}
{"ret": -0.0005898443932157595, "profit": -0.060179699999988366}
{"ret": -0.0005898443932157595, "profit": -0.060179699999988366}
{"ret": -0.0005584925078214463, "profit": -0.056980979999994005}
{"ret": -0.0005584925078214463, "profit": -0.056980979999994005}
{"ret": -0.0005555532685656601, "profit": -0.05668109999998746}
{"ret": -0.0004997077227070588, "profit": -0.050983379999999454}
{"ret": -0.0005261608760084663, "profit": -0.053682299999990184}
{"ret": -0.0005349785937756913,