{"ret": -0.0005584925078214195, "profit": -0.05698097999999127}
{"ret": -0.0005584925078214195, "profit": -0.05698097999999127}
{"ret": -0.0005584925078214195, "profit": -0.05698097999999127}
{"ret": -0.0005584925078214195, "profit": -0.05698097999999127}
{"ret": -0.0005584925078214195, "profit": -0.05698097999999127}
{"ret": -0.0005506545364728701, "profit": -0.05618129999999563}
{"ret": -0.0005428165651242495, "profit": -0.05538161999999272}
{"ret": -0.0005428165651242495, "profit": -0.05538161999999272}
{"ret": -0.0004840317800097283, "profit": -0.04938401999998454}
{"ret": -0.0005428165651242495, "profit": -0.05538161999999272}
{"ret": -0.0005428165651242495, "profit": -0.05538161999999272}
{"ret": -0.0005428165651242495, "profit": -0.05538161999999272}
{"ret": -0.0005428165651242495, "profit": -0.05538161999999272}
{"ret": -0.0005428165651242495, "profit": -0.05538161999999272}
{"ret": -0.0005575127614027795, "profit": -0.056881019999984544}
{"ret": -0.0005575127614027795, "profit": -0.056881019999984544}
{"ret": -0.0005575127614027795, "profit": -0.056881019999984544}
{"ret": -0.0005575127614027795, "profit": -0.056881019999984544}
{"ret": -0.0005575127614027795, "profit": -0.056881019999984544}
{"ret": -0.0005575127614027795, "profit": -0.056881019999984544}
{"ret": -0.000543796311542729, "profit": -0.055481579999983086}
{"ret": -0.000543796311542729, "profit": -0.055481579999983086}
{"ret": -0.0005320393545198516, "profit": -0.054282059999984186}
{"ret": -0.0005320393545198516, "profit": -0.054282059999984186}
{"ret": -0.0005320393545198516, "profit": -0.054282059999984186}
{"ret": -0.0005222418903341115, "profit": -0.05328245999998418}
{"ret": -0.0005222418903341115, "profit": -0.05328245999998418}
{"ret": -0.0005849456611228271, "profit": -0.059679899999982}
{"ret": -0.0006143380536801544, "profit": -0.0626786999999929}
{"ret": -0.0006143380536801544, "profit": -0.0626786999999929}
{"ret": -0.0006143380536801544, "profit": -0.0626786999999929}
{"ret": -0.0006143380536801544, "profit": -0.0626786999999929}
{"ret": -0.0005878849003786132, "profit": -0.05997977999998854}
{"ret": -0.0005878849003786132, "profit": -0.05997977999998854}
{"ret": -0.0005878849003786132, "profit": -0.05997977999998854}
{"ret": -0.0005878849003786132, "profit": -0.05997977999998854}
{"ret": -0.0005878849003786132, "profit": -0.05997977999998854}
{"ret": -0.0005878849003786132, "profit": -0.05997977999998854}
{"ret": -0.0005878849003786132, "profit": -0.05997977999998854}
{"ret": -0.0005878849003786132, "profit": -0.05997977999998854}
{"ret": -0.0005976823645643534, "profit": -0.060979379999988544}
{"ret": -0.0005976823645643534, "profit": -0.060979379999988544}
{"ret": -0.000553593775728496, "profit": -0.056481179999985816}
{"ret": -0.000530079861682741, "profit": -0.054082139999988}
{"ret": -0.0005271406224270884, "profit": -0.05378225999999509}
{"ret": -0.0005242013831713023, "profit": -0.05348237999998855}
{"ret": -0.0005242013831713023, "profit": -0.05348237999998855}
{"ret": -0.0005242013831713023, "profit": -0.05348237999998855}
{"ret": -0.0005242013831713023, "profit": -0.05348237999998855}
{"ret": -0.0005242013831713023, "profit": -0.05348237999998855}
{"ret": -0.0005242013831713023, "profit": -0.05348237999998855}
{"ret": -0.0005800469290300371, "profit": -0.05918009999999018}
{"ret": -0.0005800469290300371, "profit": -0.05918009999999018}
{"ret": -0.0005800469290300371, "profit": -0.05918009999999018}
{"ret": -0.0005800469290300371, "profit": -0.05918009999999018}
{"ret": -0.0005800469290300371, "profit": -0.05918009999999018}
{"ret": -0.0005800469290300371, "profit": -0.05918009999999018}
{"ret": -0.0005800469290300371, "profit": -0.05918009999999018}
{"ret": -0.0005800469290300371, "profit": -0.05918009999999018}
{"ret": -0.0005800469290300371, "profit": -0.05918009999999018}
