{"ret": -0.0011519597655273545, "profit": -0.11761681999999118}
{"ret": -0.0011519597655273545, "profit": -0.11761681999999118}
{"ret": -0.0011519597655273545, "profit": -0.11761681999999118}
{"ret": -0.0011519597655273545, "profit": -0.11761681999999118}
{"ret": -0.0011519597655273545, "profit": -0.11761681999999118}
{"ret": -0.0011519597655273545, "profit": -0.11761681999999118}
{"ret": -0.0011519597655273545, "profit": -0.11761681999999118}
{"ret": -0.0011519597655273545, "profit": -0.11761681999999118}
{"ret": -0.0011676241779013017, "profit": -0.11921617999998974}
{"ret": -0.0012126593634764345, "profit": -0.12381433999998917}
{"ret": -0.0012479042913178331, "profit": -0.12741289999998773}
{"ret": -0.0012479042913178331, "profit": -0.12741289999998773}
{"ret": -0.0012684638325587052, "profit": -0.12951205999999263}
{"ret": -0.0012684638325587052, "profit": -0.12951205999999263}
{"ret": -0.0012684638325587052, "profit": -0.12951205999999263}
{"ret": -0.0012645477294652007, "profit": -0.12911221999999117}
{"ret": -0.0012645477294652007, "profit": -0.12911221999999117}
{"ret": -0.0012645477294652007, "profit": -0.12911221999999117}
{"ret": -0.0011362953531533454, "profit": -0.11601745999998628}
{"ret": -0.0010383927758161767, "profit": -0.10602145999999535}
{"ret": -0.0008445456726883782, "profit": -0.08622937999999244}
{"ret": -0.0008327973634079272, "profit": -0.08502985999999446}
{"ret": -0.0008308393118612104, "profit": -0.08482993999999736}
{"ret": -0.0008220280799007984, "profit": -0.08393029999999135}
{"ret": -0.0008190910025807502, "profit": -0.08363041999999846}
{"ret": -0.0008190910025807502, "profit": -0.08363041999999846}
{"ret": -0.0007955943840198297, "profit": -0.08123138000000063}
{"ret": -0.0007955943840198297, "profit": -0.08123138000000063}
{"ret": -0.0007877621778328205, "profit": -0.08043169999999772}
{"ret": -0.0007368528376174752, "profit": -0.07523378000000064}
{"ret": -0.0007368528376174752, "profit": -0.07523378000000064}
{"ret": -0.0007397899149375236, "profit": -0.07553365999999355}
{"ret": -0.0007632865334984439, "profit": -0.07793269999999136}
{"ret": -0.0007162932963765316, "profit": -0.07313461999998844}
{"ret": -0.0007456640695776824, "profit": -0.07613341999998573}
{"ret": -0.0007456640695776824, "profit": -0.07613341999998573}
{"ret": -0.0007691606881387363, "profit": -0.07853245999999717}
{"ret": -0.0007838460747392448, "profit": -0.08003185999998899}
{"ret": -0.000798531461339887, "profit": -0.08153125999999446}
{"ret": -0.000798531461339887, "profit": -0.08153125999999446}
{"ret": -0.0008837067036233347, "profit": -0.0902277799999979}
{"ret": -0.0008396505438215421, "profit": -0.08572957999999517}
{"ret": -0.0008220280799008074, "profit": -0.08393029999999227}
{"ret": -0.0008220280799008074, "profit": -0.08393029999999227}
{"ret": -0.0008220280799008074, "profit": -0.08393029999999227}
{"ret": -0.0008220280799008074, "profit": -0.08393029999999227}
{"ret": -0.0008220280799008074, "profit": -0.08393029999999227}
{"ret": -0.0008220280799008074, "profit": -0.08393029999999227}
{"ret": -0.0008279022345410374, "profit": -0.08453005999999172}
{"ret": -0.0008660842397025999, "profit": -0.088428499999995}
{"ret": -0.0008660842397025999, "profit": -0.088428499999995}
{"ret": -0.0008425876211416794, "profit": -0.08602945999999717}
{"ret": -0.0008425876211416794, "profit": -0.08602945999999717}
{"ret": -0.0008425876211416794, "profit": -0.08602945999999717}
{"ret": -0.0008425876211416794, "profit": -0.08602945999999717}
{"ret": -0.0008425876211416794, "profit": -0.08602945999999717}
{"ret": -0.0008396505438214977, "profit": -0.08572957999999063}
{"ret": -0.0008396505438214977, "profit": -0.08572957999999063}
{"ret": -0.0008396505438214977, "profit": -0.08572957999999063}
{"ret": -0.0008396505438214977, "profit": -0.08572957999999063}
{"ret": -0.0005712292112629013, "profit": -0.058280459999993275}
{"ret": -0.0005712292112629013, "profit": -0.058280459999993275}
{"ret": -0.0005594722542400239, "profit": -0.05708093999999437}
{"ret": -0.0005594722542400239, "profit": -0.05708093999999437}
{"ret": -0.00053497859377562, "profit": -0.054581939999988914}
{"ret": -0.00040761155936093544, "profit": -0.04158713999998254}
{"ret": -0.0004036925736866965, "profit": -0.04118729999998837}
{"ret": -0.0004036925736866965, "profit": -0.04118729999998837}
{"ret": -0.0004036925736866965, "profit": -0.04118729999998837}
{"ret": -0.00043014572698823767, "profit": -0.04388621999999273}
{"ret": -0.00043014572698823767, "profit": -0.04388621999999273}
{"ret": -0.00043014572698823767, "profit": -0.04388621999999273}
{"ret": -0.00043014572698823767, "profit": -0.04388621999999273}
{"ret": -0.0005006874691255205, "profit": -0.051083339999988}
{"ret": -0.0005006874691255205, "profit": -0.051083339999988}
{"ret": -0.0005006874691255205, "profit": -0.051083339999988}
{"ret": -0.0005006874691255205, "profit": -0.051083339999988}
{"ret": -0.0005006874691255205, "profit": -0.051083339999988}
{"ret": -0.0005006874691255205, "profit": -0.051083339999988}
{"ret": -0.0005006874691255205, "profit": -0.051083339999988}
{"ret": -0.0005006874691255205, "profit": -0.051083339999988}
{"ret": -0.00047717355507972985, "profit": -0.048684299999986545}
{"ret": -0.00047717355507972985, "profit": -0.048684299999986545}
{"ret": -0.0005124444261484961, "profit": -0.05228285999999691}
{"ret": -0.0005771076897743223, "profit": -0.058880219999990914}
{"ret": -0.0005771076897743223, "profit": -0.058880219999990914}
{"ret": -0.0005771076897743223, "profit": -0.058880219999990914}
{"ret": -0.0006143380536801635, "profit": -0.06267869999999383}
{"ret": -0.0005849456611229696, "profit": -0.05967989999999655}
{"ret": -0.0005849456611229696, "profit": -0.05967989999999655}
{"ret": -0.0005584925078214285, "profit": -0.05698097999999219}
{"ret": -0.0005467355507985509, "profit": -0.055781459999993274}
{"ret": -0.0005467355507985509, "profit": -0.055781459999993274}
{"ret": -0.0005467355507985509, "profit": -0.055781459999993274}
{"ret": -0.0005467355507985509, "profit": -0.055781459999993274}
{"ret": -0.0005467355507985509, "profit": -0.055781459999993274}
{"ret": -0.0005467355507985509, "profit": -0.055781459999993274}
{"ret": -0.0005467355507985509, "profit": -0.055781459999993274}
{"ret": -0.0005447760579613602, "profit": -0.05558153999998891}
{"ret": -0.0005447760579613602, "profit": -0.05558153999998891}
{"ret": -0.0005095051868927098, "profit": -0.05198297999999037}
{"ret": -0.0005095051868927098, "profit": -0.05198297999999037}
{"ret": -0.0005095051868927098, "profit": -0.05198297999999037}
{"ret": -0.0005095051868927098, "profit": -0.05198297999999037}
{"ret": -0.0005095051868927098, "profit": -0.05198297999999037}
{"ret": -0.0005330191009384649, "profit": -0.054382019999988186}
{"ret": -0.0005330191009384649, "profit": -0.054382019999988186}
{"ret": -0.0005330191009384649, "profit": -0.054382019999988186}
{"ret": -0.0005330191009384649, "profit": -0.054382019999988186}
{"ret": -0.0005330191009384649, "profit": -0.054382019999988186}
{"ret": -0.0005330191009384649, "profit": -0.054382019999988186}
{"ret": -0.0005330191009384649, "profit": -0.054382019999988186}
{"ret": -0.0005330191009384649, "profit": -0.054382019999988186}
{"ret": -0.0005330191009384649, "profit": -0.054382019999988186}
{"ret": -0.0005330191009384649, "profit": -0.054382019999988186}
{"ret": -0.0005330191009384649, "profit": -0.054382019999988186}
{"ret": -0.0005330191009384649, "profit": -0.054382019999988186}
{"ret": -0.0005771076897743223, "profit": -0.058880219999990914}
{"ret": -0.0005771076897743223, "profit": -0.058880219999990914}
{"ret": -0.0005771076897743223, "profit": -0.058880219999990914}
