{"ret": -0.0008425876211416794, "profit": -0.08602945999999717}
{"ret": -0.0008631471623824181, "profit": -0.08812861999998846}
{"ret": -0.0008631471623824181, "profit": -0.08812861999998846}
{"ret": -0.0008631471623824181, "profit": -0.08812861999998846}
{"ret": -0.0008631471623824181, "profit": -0.08812861999998846}
{"ret": -0.0008631471623824181, "profit": -0.08812861999998846}
{"ret": -0.0008837067036232902, "profit": -0.09022777999999336}
{"ret": -0.0008876228067168036, "profit": -0.09062761999999572}
{"ret": -0.0008876228067168036, "profit": -0.09062761999999572}
{"ret": -0.0009375531211588353, "profit": -0.09572557999999881}
{"ret": -0.0009375531211588353, "profit": -0.09572557999999881}
{"ret": -0.0009581126623995739, "profit": -0.09782473999999008}
{"ret": -0.000963986817039804, "profit": -0.09842449999998953}
{"ret": -0.001012938105708531, "profit": -0.10342249999999956}
{"ret": -0.001012938105708531, "profit": -0.10342249999999956}
{"ret": -0.001012938105708531, "profit": -0.10342249999999956}
{"ret": -0.001012938105708531, "profit": -0.10342249999999956}
{"ret": -0.001012938105708531, "profit": -0.10342249999999956}
{"ret": -0.0009541965593060962, "profit": -0.09742489999999136}
{"ret": -0.0009541965593060962, "profit": -0.09742489999999136}
{"ret": -0.0009453853273458177, "profit": -0.096525259999999}
{"ret": -0.0009453853273458177, "profit": -0.096525259999999}
{"ret": -0.0009453853273458177, "profit": -0.096525259999999}
{"ret": -0.0009453853273458177, "profit": -0.096525259999999}
{"ret": -0.0009453853273458177, "profit": -0.096525259999999}
{"ret": -0.0009453853273458177, "profit": -0.096525259999999}
{"ret": -0.0009277628634251273, "profit": -0.09472598000000063}
{"ret": -0.0008102797706203648, "profit": -0.08273077999999517}
{"ret": -0.0007867831520594443, "profit": -0.08033173999999735}
{"ret": -0.0007867831520594443, "profit": -0.08033173999999735}
{"ret": -0.0007867831520594443, "profit": -0.08033173999999735}
{"ret": -0.0007848251005126566, "profit": -0.080131819999993}
{"ret": -0.0007809089974192232, "profit": -0.07973197999999881}
{"ret": -0.0007437060180310725, "profit": -0.07593349999999954}
{"ret": -0.0007407689407108906, "profit": -0.07563361999999299}
{"ret": -0.0007074820644162355, "profit": -0.07223497999999426}
{"ret": -0.0007074820644162355, "profit": -0.07223497999999426}
{"ret": -0.0007074820644162355, "profit": -0.07223497999999426}
{"ret": -0.0007055240128695189, "profit": -0.07203505999999718}
{"ret": -0.0007055240128695189, "profit": -0.07203505999999718}
{"ret": -0.0006976918066825098, "profit": -0.07123537999999427}
{"ret": -0.0006976918066825098, "profit": -0.07123537999999427}
{"ret": -0.0006976918066825098, "profit": -0.07123537999999427}
{"ret": -0.0006976918066825098, "profit": -0.07123537999999427}
{"ret": -0.0006898596004955007, "profit": -0.07043569999999136}
{"ret": -0.0006781112912150584, "profit": -0.06923617999999428}
{"ret": -0.0006252438994529874, "profit": -0.06383833999999919}
{"ret": -0.0005665023530504814, "profit": -0.05784073999998372}
{"ret": -0.0005283203478890258, "profit": -0.05394229999999136}
{"ret": -0.0005283203478890258, "profit": -0.05394229999999136}
{"ret": -0.0005694394303707166, "profit": -0.05814061999999572}
{"ret": -0.0005694394303707166, "profit": -0.05814061999999572}
{"ret": -0.0005694394303707166, "profit": -0.05814061999999572}
{"ret": -0.0005694394303707166, "profit": -0.05814061999999572}
{"ret": -0.0005694394303707166, "profit": -0.05814061999999572}
{"ret": -0.0005694394303707166, "profit": -0.05814061999999572}
{"ret": -0.0005488798891298446, "profit": -0.056041459999990814}
{"ret": -0.0005488798891298446, "profit": -0.056041459999990814}
{"ret": -0.00048720126540747734, "profit": -0.04974398000000154}
{"ret": -0.0004490192602458703, "profit": -0.045845539999993724}
{"ret": -0.0005771076897743223, "profit": -0.058880219999990914}
{"ret": -0.0006006216038200773, "profit": -0.06127925999998873}
{"ret": -0.0006006216038200773, "profit": -0.06127925999998873}
{"ret": -0.0006006216038200773, "profit": -0.06127925999998873}
{"ret": -0.0006006216038200773, "profit": -0.06127925999998873}
{"ret": -0.0006006216038200773, "profit": -0.06127925999998873}
{"ret": -0.0006006216038200773, "profit": -0.06127925999998873}
{"ret": -0.0006006216038200773, "profit": -0.06127925999998873}
{"ret": -0.0006006216038200773, "profit": -0.06127925999998873}
{"ret": -0.0006006216038200773, "profit": -0.06127925999998873}
{"ret": -0.0006006216038200773, "profit": -0.06127925999998873}
{"ret": -0.0006035608430758635, "profit": -0.06157913999999528}
{"ret": -0.0006035608430758635, "profit": -0.06157913999999528}
{"ret": -0.0006035608430758635, "profit": -0.06157913999999528}
{"ret": -0.0006035608430758635, "profit": -0.06157913999999528}
{"ret": -0.0006388317141444959, "profit": -0.065177699999992}
{"ret": -0.0006388317141444959, "profit": -0.065177699999992}
{"ret": -0.0006388317141444959, "profit": -0.065177699999992}
{"ret": -0.0006388317141444959, "profit": -0.065177699999992}
{"ret": -0.0006388317141444959, "profit": -0.065177699999992}
{"ret": -0.0006388317141444959, "profit": -0.065177699999992}
{"ret": -0.0006388317141444959, "profit": -0.065177699999992}
{"ret": -0.0006388317141444959, "profit": -0.065177699999992}
{"ret": -0.0006388317141444959, "profit": -0.065177699999992}
{"ret": -0.0006388317141444959, "profit": -0.065177699999992}
{"ret": -0.0006388317141444959, "profit": -0.065177699999992}
{"ret": -0.0006770418244689147, "profit": -0.06907613999999528}
{"ret": -0.0006770418244689147, "profit": -0.06907613999999528}
{"ret": -0.0006770418244689147, "profit": -0.06907613999999528}
{"ret": -0.0006770418244689147, "profit": -0.06907613999999528}
{"ret": -0.0006770418244689147, "profit": -0.06907613999999528}
{"ret": -0.0006770418244689147, "profit": -0.06907613999999528}
{"ret": -0.0007299481310719257, "profit": -0.07447397999999672}
{"ret": -0.0007299481310719257, "profit": -0.07447397999999672}
{"ret": -0.0007299481310719257, "profit": -0.07447397999999672}
{"ret": -0.0007299481310719257, "profit": -0.07447397999999672}
{"ret": -0.0007299481310719257, "profit": -0.07447397999999672}
{"ret": -0.0007299481310719257, "profit": -0.07447397999999672}
{"ret": -0.0007299481310719257, "profit": -0.07447397999999672}
{"ret": -0.0007299481310719257, "profit": -0.07447397999999672}
{"ret": -0.0007299481310719257, "profit": -0.07447397999999672}
{"ret": -0.0007299481310719257, "profit": -0.07447397999999672}
{"ret": -0.0007299481310719257, "profit": -0.07447397999999672}
{"ret": -0.0007299481310719257, "profit": -0.07447397999999672}
{"ret": -0.0007299481310719257, "profit": -0.07447397999999672}
{"ret": -0.0007299481310719257, "profit": -0.07447397999999672}
{"ret": -0.0005771076897743134, "profit": -0.058880219999990005}
{"ret": -0.0005653507327514359, "profit": -0.05768069999999109}
{"ret": -0.0005633912399142452, "profit": -0.057480779999986735}
{"ret": -0.0005594722542399348, "profit": -0.05708093999998527}
{"ret": -0.0005594722542399348, "profit": -0.05708093999998527}
{"ret": -0.0005594722542399348, "profit": -0.05708093999998527}
{"ret": -0.0005242013831712844, "profit": -0.05348237999998673}
{"ret": -0.0005242013831712844, "profit": -0.05348237999998673}
{"ret": -0.0005124444261484068, "profit": -0.052282859999987816}
{"ret": -0.0005095051868927543, "profit": -0.051982979999994905}
{"ret": -0.0005006874691255294, "profit": -0.051083339999988917}
{"ret": -0.0005006874691255294, "profit": -0.051083339999988917}
{"ret": -0.0005006874691255294, "profit": -0.051083339999988917}
{"ret": -0.0005006874691255294, "profit": -0.051083339999988917}
