{"ret": -0.00179615872440652, "profit": -0.18339049999999227}
{"ret": -0.0017579767192450909, "profit": -0.17949206000000262}
{"ret": -0.0017432913326444488, "profit": -0.17799265999999717}
{"ret": -0.0017902845697662898, "profit": -0.18279073999999282}
{"ret": -0.0018235714460609004, "profit": -0.186189379999987}
{"ret": -0.0018039909305934488, "profit": -0.184190179999987}
{"ret": -0.001959656028559756, "profit": -0.2000838199999939}
{"ret": -0.0019684672605201677, "profit": -0.2009834599999999}
{"ret": -0.001980215569800628, "profit": -0.20218297999999882}
{"ret": -0.0019547608996928843, "profit": -0.199584019999993}
{"ret": -0.002082034250231319, "profit": -0.212578819999993}
{"ret": -0.002119237229619443, "profit": -0.21637729999998956}
{"ret": -0.002007628291454991, "profit": -0.20498185999999172}
{"ret": -0.001962593105879902, "profit": -0.2003836999999968}
{"ret": -0.0018079070336869804, "profit": -0.1845900199999912}
{"ret": -0.0017932216470864717, "profit": -0.18309061999999937}
{"ret": -0.0017932216470864717, "profit": -0.18309061999999937}
{"ret": -0.0017932216470864717, "profit": -0.18309061999999937}
{"ret": -0.0017932216470864717, "profit": -0.18309061999999937}
{"ret": -0.0017726621058455996, "profit": -0.18099145999999447}
{"ret": -0.001800074827499989, "profit": -0.1837903399999901}
{"ret": -0.0018431519615283965, "profit": -0.18818857999999156}
{"ret": -0.001926369152265092, "profit": -0.19668517999999427}
{"ret": -0.0019498657708260482, "profit": -0.19908421999999573}
{"ret": -0.0019498657708260482, "profit": -0.19908421999999573}
{"ret": -0.0019909848533076944, "profit": -0.20328253999999554}
{"ret": -0.001994900956401128, "profit": -0.20368237999998973}
{"ret": -0.0019988170594946323, "profit": -0.20408221999999118}
{"ret": -0.0019988170594946323, "profit": -0.20408221999999118}
{"ret": -0.0019694462862934552, "profit": -0.2010834199999912}
{"ret": -0.0019694462862934552, "profit": -0.2010834199999912}
{"ret": -0.0019694462862934552, "profit": -0.2010834199999912}
{"ret": -0.0019988170594946054, "profit": -0.20408221999998843}
{"ret": -0.0019988170594946054, "profit": -0.20408221999998843}
{"ret": -0.0019988170594946054, "profit": -0.20408221999998843}
{"ret": -0.0020957406110585406, "profit": -0.21397825999999354}
{"ret": -0.0020487473739366283, "profit": -0.2091801799999906}
{"ret": -0.0019772784924804287, "profit": -0.20188309999999046}
{"ret": -0.0019694462862934197, "profit": -0.20108341999998755}
{"ret": -0.001954760899692911, "profit": -0.19958401999999573}
{"ret": -0.0018715437089561976, "profit": -0.19108741999999118}
{"ret": -0.0019371384357722119, "profit": -0.19778473999999646}
{"ret": -0.002026229781149022, "profit": -0.20688109999998683}
{"ret": -0.0019537818739194367, "profit": -0.19948405999998536}
{"ret": -0.0019909848533076232, "profit": -0.20328253999998827}
{"ret": -0.0019880477759875574, "profit": -0.20298265999999354}
{"ret": -0.0019958799821745664, "profit": -0.20378233999999645}
{"ret": -0.0019958799821745664, "profit": -0.20378233999999645}
{"ret": -0.0019958799821745664, "profit": -0.20378233999999645}
{"ret": -0.0019958799821745664, "profit": -0.20378233999999645}
{"ret": -0.0019900058275343453, "profit": -0.20318257999999792}
{"ret": -0.0019087466883443839, "profit": -0.1948858999999941}
{"ret": -0.0019087466883443839, "profit": -0.1948858999999941}
{"ret": -0.0019087466883443839, "profit": -0.1948858999999941}
{"ret": -0.0019479077192792868, "profit": -0.19888429999999407}
{"ret": -0.0019479077192792868, "profit": -0.19888429999999407}
{"ret": -0.002029166858469248, "profit": -0.2071809799999979}
{"ret": -0.002040915167749708, "profit": -0.2083804999999968}
{"ret": -0.0020790971729112706, "profit": -0.21227894000000008}
{"ret": -0.002067348863630766, "profit": -0.21107941999999663}
{"ret": -0.000816165815906361, "profit": -0.08327045999998875}
{"ret": -0.0008132265766507083, "profit": -0.08297057999999582}
{"ret": -0.0007485633130247485, "profit": -0.0763732199999882}
{"ret": -0.000777955705581942, "profit": -0.07937201999998544}
{"ret": -0.0007544417915361872, "profit": -0.07697297999998765}
{"ret": -0.0007544417915361872, "profit": -0.07697297999998765}
{"ret": -0.0007544417915361872, "profit": -0.07697297999998765}
{"ret": -0.0007446443273504468, "profit": -0.07597337999998763}
{"ret": -0.0007446443273504468, "profit": -0.07597337999998763}
{"ret": -0.0007446443273504468, "profit": -0.07597337999998763}
{"ret": -0.0007446443273504468, "profit": -0.07597337999998763}
{"ret": -0.0007446443273504468, "profit": -0.07597337999998763}
{"ret": -0.0007054544706074864, "profit": -0.07197497999998764}
{"ret": -0.0007054544706074864, "profit": -0.07197497999998764}
{"ret": -0.0007054544706074864, "profit": -0.07197497999998764}
{"ret": -0.0007054544706074864, "profit": -0.07197497999998764}
{"ret": -0.0007054544706074864, "profit": -0.07197497999998764}
{"ret": -0.0007054544706074864, "profit": -0.07197497999998764}
{"ret": -0.0007054544706074864, "profit": -0.07197497999998764}
{"ret": -0.0007054544706074864, "profit": -0.07197497999998764}
{"ret": -0.0007054544706074864, "profit": -0.07197497999998764}
{"ret": -0.0007025152313518338, "profit": -0.07167509999999473}
{"ret": -0.0007025152313518338, "profit": -0.07167509999999473}
{"ret": -0.0007025152313518338, "profit": -0.07167509999999473}
{"ret": -0.0007025152313518338, "profit": -0.07167509999999473}
{"ret": -0.0007025152313518338, "profit": -0.07167509999999473}
{"ret": -0.0007397455952576747, "profit": -0.07547357999999763}
{"ret": -0.0007397455952576747, "profit": -0.07547357999999763}
{"ret": -0.0007397455952576747, "profit": -0.07547357999999763}
{"ret": -0.0007397455952576747, "profit": -0.07547357999999763}
{"ret": -0.0007397455952576747, "profit": -0.07547357999999763}
{"ret": -0.0007397455952576747, "profit": -0.07547357999999763}
{"ret": -0.0005898443932158308, "profit": -0.06017969999999564}
{"ret": -0.0005898443932158308, "profit": -0.06017969999999564}
{"ret": -0.0005898443932158308, "profit": -0.06017969999999564}
{"ret": -0.0005898443932158308, "profit": -0.06017969999999564}
{"ret": -0.0005898443932158308, "profit": -0.06017969999999564}
{"ret": -0.0005898443932158308, "profit": -0.06017969999999564}
{"ret": -0.0005898443932158308, "profit": -0.06017969999999564}
{"ret": -0.0005898443932158308, "profit": -0.06017969999999564}
{"ret": -0.0005898443932158308, "profit": -0.06017969999999564}
{"ret": -0.0005898443932158308, "profit": -0.06017969999999564}
{"ret": -0.0005898443932158308, "profit": -0.06017969999999564}
{"ret": -0.0005898443932158308, "profit": -0.06017969999999564}
{"ret": -0.0005898443932158308, "profit": -0.06017969999999564}
{"ret": -0.0005898443932158308, "profit": -0.06017969999999564}
{"ret": -0.0005584925078214195, "profit": -0.05698097999999127}
{"ret": -0.0005584925078214195, "profit": -0.05698097999999127}
{"ret": -0.0005584925078214195, "profit": -0.05698097999999127}
{"ret": -0.0005584925078214195, "profit": -0.05698097999999127}
{"ret": -0.0005584925078214195, "profit": -0.05698097999999127}
{"ret": -0.0005584925078214195, "profit": -0.05698097999999127}
{"ret": -0.0005584925078214195, "profit": -0.05698097999999127}
{"ret": -0.0005584925078214195, "profit": -0.05698097999999127}
{"ret": -0.0005584925078214195, "profit": -0.05698097999999127}
{"ret": -0.0005584925078214195, "profit": -0.05698097999999127}
{"ret": -0.0005584925078214195, "profit": -0.05698097999999127}
{"ret": -0.0005584925078214195, "profit": -0.05698097999999127}
{"ret": -0.0005584925078214195, "profit": -0.05698097999999127}
{"ret": -0.0005584925078214195, "profit": -0.05698097999999127}
