{"ret": -0.0009238467603316139, "profit": -0.09432613999999827}
{"ret": -0.0009708399974534548, "profit": -0.0991242199999939}
{"ret": -0.0009708399974534548, "profit": -0.0991242199999939}
{"ret": -0.0009708399974534548, "profit": -0.0991242199999939}
{"ret": -0.0009708399974534548, "profit": -0.0991242199999939}
{"ret": -0.0009708399974534548, "profit": -0.0991242199999939}
{"ret": -0.0009708399974534548, "profit": -0.0991242199999939}
{"ret": -0.0009708399974534548, "profit": -0.0991242199999939}
{"ret": -0.0009590916881729947, "profit": -0.09792469999999501}
{"ret": -0.0009590916881729947, "profit": -0.09792469999999501}
{"ret": -0.0009590916881729947, "profit": -0.09792469999999501}
{"ret": -0.0009590916881729947, "profit": -0.09792469999999501}
{"ret": -0.0010119590799350655, "profit": -0.10332253999999008}
{"ret": -0.0010119590799350655, "profit": -0.10332253999999008}
{"ret": -0.0011274841211931115, "profit": -0.11511781999999846}
{"ret": -0.0011274841211931115, "profit": -0.11511781999999846}
{"ret": -0.0011274841211931115, "profit": -0.11511781999999846}
{"ret": -0.0011872046933687087, "profit": -0.12121537999998519}
{"ret": -0.0011911207964622132, "profit": -0.12161521999998665}
{"ret": -0.0012635687036917978, "profit": -0.12901225999998808}
{"ret": -0.0012459462397710632, "profit": -0.12721297999998518}
{"ret": -0.0011255260696463503, "profit": -0.11491789999999683}
{"ret": -0.0011255260696463503, "profit": -0.11491789999999683}
{"ret": -0.0011255260696463503, "profit": -0.11491789999999683}
{"ret": -0.0010902811418048361, "profit": -0.11131933999998647}
{"ret": -0.0010902811418048361, "profit": -0.11131933999998647}
{"ret": -0.0010902811418048361, "profit": -0.11131933999998647}
{"ret": -0.0011372743789268105, "profit": -0.11611741999999572}
{"ret": -0.0012018900799693416, "profit": -0.12271477999998973}
{"ret": -0.0012018900799693416, "profit": -0.12271477999998973}
{"ret": -0.0012018900799693416, "profit": -0.12271477999998973}
{"ret": -0.0012018900799693416, "profit": -0.12271477999998973}
{"ret": -0.0012312608531704922, "profit": -0.125713579999987}
{"ret": -0.0012312608531704922, "profit": -0.125713579999987}
{"ret": -0.0012312608531704922, "profit": -0.125713579999987}
{"ret": -0.0012048271572895235, "profit": -0.12301465999999628}
{"ret": -0.0011372743789268105, "profit": -0.11611741999999572}
{"ret": -0.0011314002242865805, "profit": -0.11551765999999627}
{"ret": -0.0011314002242865805, "profit": -0.11551765999999627}
{"ret": -0.0011314002242865805, "profit": -0.11551765999999627}
{"ret": -0.0011255260696463594, "profit": -0.11491789999999774}
{"ret": -0.0011137777603659168, "profit": -0.11371838000000065}
{"ret": -0.0011137777603659168, "profit": -0.11371838000000065}
{"ret": -0.0011137777603659168, "profit": -0.11371838000000065}
{"ret": -0.0011460856108871157, "profit": -0.11701705999999082}
{"ret": -0.0011989530026493202, "profit": -0.12241489999999955}
{"ret": -0.0011989530026493202, "profit": -0.12241489999999955}
{"ret": -0.0011989530026493202, "profit": -0.12241489999999955}
{"ret": -0.0011989530026493202, "profit": -0.12241489999999955}
{"ret": -0.0011578339201675756, "profit": -0.11821657999998972}
{"ret": -0.0011813305387286298, "profit": -0.12061562000000117}
{"ret": -0.0012283237758504708, "profit": -0.12541369999999682}
{"ret": -0.0012400720851309308, "profit": -0.12661321999999572}
{"ret": -0.0012488833170912093, "profit": -0.1275128599999881}
{"ret": -0.0012488833170912093, "profit": -0.1275128599999881}
{"ret": -0.0012488833170912093, "profit": -0.1275128599999881}
{"ret": -0.0012165754665700104, "profit": -0.1242141799999979}
{"ret": -0.0011519597655273545, "profit": -0.11761681999999118}
{"ret": -0.0011519597655273545, "profit": -0.11761681999999118}
{"ret": -0.0011519597655273545, "profit": -0.11761681999999118}
{"ret": -0.001086575827432766, "profit": -0.11085941999998636}
{"ret": -0.001086575827432766, "profit": -0.11085941999998636}
{"ret": -0.0011218466985015055, "profit": -0.11445797999999399}
{"ret": -0.0011600568088258349, "profit": -0.11835641999998817}
{"ret": -0.0011884694549644781, "profit": -0.12125525999998782}
{"ret": -0.0011884694549644781, "profit": -0.12125525999998782}
{"ret": -0.0011884694549644781, "profit": -0.12125525999998782}
{"ret": -0.0011884694549644781, "profit": -0.12125525999998782}
{"ret": -0.001123806191338536, "profit": -0.114657899999982}
{"ret": -0.001076778363247026, "profit": -0.10985981999998637}
{"ret": -0.001076778363247026, "profit": -0.10985981999998637}
{"ret": -0.0009915404248311954, "profit": -0.10116329999999746}
{"ret": -0.0009915404248311954, "profit": -0.10116329999999746}
{"ret": -0.0009366746253909665, "profit": -0.0955655399999889}
{"ret": -0.0009249176683680891, "profit": -0.09436601999999}
{"ret": -0.0009249176683680891, "profit": -0.09436601999999}
{"ret": -0.0009425531039024055, "profit": -0.09616529999998838}
{"ret": -0.0009425531039024055, "profit": -0.09616529999998838}
{"ret": -0.0009425531039024055, "profit": -0.09616529999998838}
{"ret": -0.0009425531039024055, "profit": -0.09616529999998838}
{"ret": -0.0009425531039024055, "profit": -0.09616529999998838}
{"ret": -0.0009425531039024055, "profit": -0.09616529999998838}
{"ret": -0.0009837024534824856, "profit": -0.10036361999998547}
{"ret": -0.0009396138646467618, "profit": -0.09586541999999637}
{"ret": -0.0009396138646467618, "profit": -0.09586541999999637}
{"ret": -0.0009494113288325019, "profit": -0.09686501999999636}
{"ret": -0.001033669520829853, "profit": -0.10546157999999492}
{"ret": -0.0010395479993412827, "profit": -0.10606133999999345}
{"ret": -0.0010395479993412827, "profit": -0.10606133999999345}
{"ret": -0.0010395479993412827, "profit": -0.10606133999999345}
{"ret": -0.0010395479993412827, "profit": -0.10606133999999345}
{"ret": -0.0010395479993412827, "profit": -0.10606133999999345}
{"ret": -0.0010395479993412827, "profit": -0.10606133999999345}
{"ret": -0.0010395479993412827, "profit": -0.10606133999999345}
{"ret": -0.0010395479993412827, "profit": -0.10606133999999345}
{"ret": -0.0010748188704099153, "profit": -0.10965989999999018}
{"ret": -0.0011179277128271865, "profit": -0.11405813999999165}
{"ret": -0.0010787378560842256, "profit": -0.11005973999999163}
{"ret": -0.0010787378560842256, "profit": -0.11005973999999163}
{"ret": -0.0010787378560842256, "profit": -0.11005973999999163}
{"ret": -0.0010787378560842256, "profit": -0.11005973999999163}
{"ret": -0.0010787378560842256, "profit": -0.11005973999999163}
{"ret": -0.0010787378560842256, "profit": -0.11005973999999163}
{"ret": -0.0010787378560842256, "profit": -0.11005973999999163}
{"ret": -0.0010787378560842256, "profit": -0.11005973999999163}
{"ret": -0.0010787378560842256, "profit": -0.11005973999999163}
{"ret": -0.0010787378560842256, "profit": -0.11005973999999163}
{"ret": -0.0010787378560842256, "profit": -0.11005973999999163}
{"ret": -0.0010846163345956644, "profit": -0.11065949999999108}
{"ret": -0.0011277251770128642, "profit": -0.11505773999998528}
{"ret": -0.0007015354849333097, "profit": -0.07157513999999983}
{"ret": -0.0007015354849333097, "profit": -0.07157513999999983}
{"ret": -0.0007015354849333097, "profit": -0.07157513999999983}
{"ret": -0.0007015354849333097, "profit": -0.07157513999999983}
{"ret": -0.0007015354849333097, "profit": -0.07157513999999983}
{"ret": -0.0007015354849333097, "profit": -0.07157513999999983}
{"ret": -0.0007191709204676259, "profit": -0.07337441999999819}
{"ret": -0.0007191709204676259, "profit": -0.07337441999999819}
{"ret": -0.0005771076897743401, "profit": -0.05888021999999273}
{"ret": -0.0005771076897743401, "profit": -0.05888021999999273}
