{"ret": -0.0010341759869160914, "profit": -0.10572649999999802}
{"ret": -0.0010146205809107218, "profit": -0.10372730000001347}
{"ret": -0.0009843097016020723, "profit": -0.10062854000000401}
{"ret": -0.0009843097016020723, "profit": -0.10062854000000401}
{"ret": -0.0009843097016020723, "profit": -0.10062854000000401}
{"ret": -0.0009843097016020723, "profit": -0.10062854000000401}
{"ret": -0.0009843097016020723, "profit": -0.10062854000000401}
{"ret": -0.0009843097016020723, "profit": -0.10062854000000401}
{"ret": -0.0009843097016020723, "profit": -0.10062854000000401}
{"ret": -0.0009843097016020723, "profit": -0.10062854000000401}
{"ret": -0.0009843097016020723, "profit": -0.10062854000000401}
{"ret": -0.0009843097016020723, "profit": -0.10062854000000401}
{"ret": -0.0009843097016020723, "profit": -0.10062854000000401}
{"ret": -0.0009843097016020723, "profit": -0.10062854000000401}
{"ret": -0.0009843097016020723, "profit": -0.10062854000000401}
{"ret": -0.0009843097016020723, "profit": -0.10062854000000401}
{"ret": -0.0008787105091722228, "profit": -0.0898328600000002}
{"ret": -0.0008787105091722228, "profit": -0.0898328600000002}
{"ret": -0.0008787105091722228, "profit": -0.0898328600000002}
{"ret": -0.0008787105091722228, "profit": -0.0898328600000002}
{"ret": -0.0008933770636764168, "profit": -0.09133226000000565}
{"ret": -0.0009051103072797186, "profit": -0.09253178000000456}
{"ret": -0.0009051103072797186, "profit": -0.09253178000000456}
{"ret": -0.0008405774674615587, "profit": -0.08593442000001056}
{"ret": -0.0007291116532300763, "profit": -0.07453898000000911}
{"ret": -0.0006997785442216884, "profit": -0.07154017999999819}
{"ret": -0.0006997785442216884, "profit": -0.07154017999999819}
{"ret": -0.0006997785442216884, "profit": -0.07154017999999819}
{"ret": -0.0006997785442216884, "profit": -0.07154017999999819}
{"ret": -0.0006997785442216884, "profit": -0.07154017999999819}
{"ret": -0.0006997785442216884, "profit": -0.07154017999999819}
{"ret": -0.0006997785442216884, "profit": -0.07154017999999819}
{"ret": -0.0006997785442216884, "profit": -0.07154017999999819}
{"ret": -0.0006997785442216884, "profit": -0.07154017999999819}
{"ret": -0.0007056451660233305, "profit": -0.07213993999999674}
{"ret": -0.0007428004374338483, "profit": -0.07593841999999965}
{"ret": -0.0007428004374338483, "profit": -0.07593841999999965}
{"ret": -0.0007428004374338483, "profit": -0.07593841999999965}
{"ret": -0.0007428004374338483, "profit": -0.07593841999999965}
{"ret": -0.0007428004374338483, "profit": -0.07593841999999965}
{"ret": -0.0007428004374338483, "profit": -0.07593841999999965}
{"ret": -0.0007467115186349667, "profit": -0.0763382600000011}
{"ret": -0.0007604003028388454, "profit": -0.07773770000000255}
{"ret": -0.000774089087042653, "profit": -0.07913713999999673}
{"ret": -0.000774089087042653, "profit": -0.07913713999999673}
{"ret": -0.000774089087042653, "profit": -0.07913713999999673}
{"ret": -0.000774089087042653, "profit": -0.07913713999999673}
{"ret": -0.000774089087042653, "profit": -0.07913713999999673}
{"ret": -0.000774089087042653, "profit": -0.07913713999999673}
{"ret": -0.0007731113167424802, "profit": -0.07903718000000728}
{"ret": -0.0007731113167424802, "profit": -0.07903718000000728}
{"ret": -0.0007731113167424802, "profit": -0.07903718000000728}
{"ret": -0.0007731113167424802, "profit": -0.07903718000000728}
{"ret": -0.0007770223979435986, "profit": -0.07943702000000874}
{"ret": -0.0007770223979435986, "profit": -0.07943702000000874}
{"ret": -0.0009901763234037052, "profit": -0.10122830000000164}
{"ret": -0.0010234205136130602, "profit": -0.10462693999999854}
{"ret": -0.0010351537572163621, "profit": -0.10582645999999747}
{"ret": -0.0010351537572163621, "profit": -0.10582645999999747}
{"ret": -0.0010351537572163621, "profit": -0.10582645999999747}
{"ret": -0.0008151688231332942, "profit": -0.0832633000000102}
{"ret": -0.0006693523943044897, "profit": -0.06836926000000691}
{"ret": -0.000663480591801323, "profit": -0.06776950000000746}
{"ret": -0.0006967541393193122, "profit": -0.07116814000000893}
{"ret": -0.0006967541393193122, "profit": -0.07116814000000893}
{"ret": -0.000755472164351006, "profit": -0.0771657400000062}
{"ret": -0.000755472164351006, "profit": -0.0771657400000062}
{"ret": -0.000755472164351006, "profit": -0.0771657400000062}
{"ret": -0.000755472164351006, "profit": -0.0771657400000062}
{"ret": -0.0006419506492897386, "profit": -0.0655703800000122}
{"ret": -0.0006008480317674914, "profit": -0.06137206000000782}
{"ret": -0.0006008480317674914, "profit": -0.06137206000000782}
{"ret": -0.000586168525509508, "profit": -0.059872660000002374}
{"ret": -0.000586168525509508, "profit": -0.059872660000002374}
{"ret": -0.0006057412005200815, "profit": -0.061871860000002374}
{"ret": -0.0006155275380253681, "profit": -0.06287146000000236}
{"ret": -0.0006213993405285259, "profit": -0.06347122000000091}
{"ret": -0.000627271143031755, "profit": -0.06407098000000674}
{"ret": -0.00068892506931509, "profit": -0.07036846000000965}
{"ret": -0.000724155884334108, "profit": -0.0739670200000082}
{"ret": -0.0008200619918859196, "profit": -0.08376310000000836}
{"ret": -0.0007633012343552281, "profit": -0.07796542000000546}
{"ret": -0.0007633012343552281, "profit": -0.07796542000000546}
{"ret": -0.0007633012343552281, "profit": -0.07796542000000546}
{"ret": -0.0007633012343552281, "profit": -0.07796542000000546}
{"ret": -0.0007730875718605149, "profit": -0.07896502000000546}
{"ret": -0.0007730875718605149, "profit": -0.07896502000000546}
{"ret": -0.0007730875718605149, "profit": -0.07896502000000546}
{"ret": -0.0007730875718605149, "profit": -0.07896502000000546}
{"ret": -0.0007730875718605149, "profit": -0.07896502000000546}
{"ret": -0.0007730875718605149, "profit": -0.07896502000000546}
{"ret": -0.0007730875718605149, "profit": -0.07896502000000546}
{"ret": -0.0007730875718605149, "profit": -0.07896502000000546}
{"ret": -0.0007730875718605149, "profit": -0.07896502000000546}
{"ret": -0.0007770021068626439, "profit": -0.07936486000000692}
{"ret": -0.0007985320493742461, "profit": -0.081563980000004}
{"ret": -0.0007985320493742461, "profit": -0.081563980000004}
{"ret": -0.0007985320493742461, "profit": -0.081563980000004}
{"ret": -0.0007985320493742461, "profit": -0.081563980000004}
{"ret": -0.0007985320493742461, "profit": -0.081563980000004}
{"ret": -0.0007985320493742461, "profit": -0.081563980000004}
{"ret": -0.0007985320493742461, "profit": -0.081563980000004}
{"ret": -0.0006370574805369882, "profit": -0.06507058000000128}
{"ret": -0.0006370574805369882, "profit": -0.06507058000000128}
{"ret": -0.0006370574805369882, "profit": -0.06507058000000128}
{"ret": -0.0006370574805369882, "profit": -0.06507058000000128}
{"ret": -0.0006370574805369882, "profit": -0.06507058000000128}
{"ret": -0.0006918609705665798, "profit": -0.07066833999999983}
{"ret": -0.0006918609705665798, "profit": -0.07066833999999983}
{"ret": -0.0007006686743213967, "profit": -0.07156798000000583}
{"ret": -0.0007006686743213967, "profit": -0.07156798000000583}
{"ret": -0.0007182840818308966, "profit": -0.07336726000000418}
{"ret": -0.0007182840818308966, "profit": -0.07336726000000418}
{"ret": -0.0007182840818308966, "profit": -0.07336726000000418}
{"ret": -0.0007182840818308966, "profit": -0.07336726000000418}
{"ret": -0.0006791387318097498, "profit": -0.0693688600000042}
{"ret": -0.0006791387318097498, "profit": -0.0693688600000042}
{"ret": -0.000581275356756918, "profit": -0.05937286000000783}
{"ret": -0.0006576087892981831, "profit": -0.06716974000001075}
{"ret": -0.0008004895128865947, "profit": -0.08173117999999063}
{"ret": -0.0008004895128865947, "profit": -0.08173117999999063}
{"ret": -0.0008004895128865947, "profit": -0.08173117999999063}
{"ret": -0.0008004895128865947, "profit": -0.08173117999999063}
{"ret": -0.000753496275764718, "profit": -0.07693309999999134}
{"ret": -0.0006741951881215271, "profit": -0.06883633999999009}
{"ret": -0.0006741951881215271,