{"ret": -0.0007877670781184272, "profit": -0.08046442000000364}
{"ret": -0.0007858098106173985, "profit": -0.08026450000000657}
{"ret": -0.0007858098106173985, "profit": -0.08026450000000657}
{"ret": -0.0007858098106173985, "profit": -0.08026450000000657}
{"ret": -0.0007858098106173985, "profit": -0.08026450000000657}
{"ret": -0.0007858098106173985, "profit": -0.08026450000000657}
{"ret": -0.0006713096618055097, "profit": -0.0685691800000031}
{"ret": -0.0006517369867949362, "profit": -0.0665699800000031}
{"ret": -0.0006517369867949362, "profit": -0.0665699800000031}
{"ret": -0.000604762566769469, "profit": -0.06177189999999382}
{"ret": -0.0005959548630147858, "profit": -0.06087226000000147}
{"ret": -0.0005959548630147858, "profit": -0.06087226000000147}
{"ret": -0.000587147159259969, "profit": -0.059972619999995466}
{"ret": -0.000587147159259969, "profit": -0.059972619999995466}
{"ret": -0.000587147159259969, "profit": -0.059972619999995466}
{"ret": -0.000587147159259969, "profit": -0.059972619999995466}
{"ret": -0.000587147159259969, "profit": -0.059972619999995466}
{"ret": -0.0005734462867526245, "profit": -0.05857318000000128}
{"ret": -0.0005675744842493955, "profit": -0.05797341999999547}
{"ret": -0.0005675744842493955, "profit": -0.05797341999999547}
{"ret": -0.0004579675041902837, "profit": -0.04677790000000564}
{"ret": -0.0004579675041902837, "profit": -0.04677790000000564}
{"ret": -0.00041882215416913683, "profit": -0.042779500000005646}
{"ret": -0.00041882215416913683, "profit": -0.042779500000005646}
{"ret": -0.00041882215416913683, "profit": -0.042779500000005646}
{"ret": -0.000351296425382653, "profit": -0.0358822600000051}
{"ret": -0.00034542462287948637, "profit": -0.03528250000000565}
{"ret": -0.00034542462287948637, "profit": -0.03528250000000565}
{"ret": -0.00034542462287948637, "profit": -0.03528250000000565}
{"ret": -0.00034542462287948637, "profit": -0.03528250000000565}
{"ret": -0.00034542462287948637, "profit": -0.03528250000000565}
{"ret": -0.00034542462287948637, "profit": -0.03528250000000565}
{"ret": -0.00034542462287948637, "profit": -0.03528250000000565}
{"ret": -0.00033759555287529963, "profit": -0.03448282000001001}
{"ret": -0.00033759555287529963, "profit": -0.03448282000001001}
{"ret": -0.0003464032566299206, "profit": -0.03538245999999601}
{"ret": -0.0003464032566299206, "profit": -0.03538245999999601}
{"ret": -0.0003464032566299206, "profit": -0.03538245999999601}
{"ret": -0.000384569972900571, "profit": -0.039280899999999286}
{"ret": -0.0003963135779069043, "profit": -0.040480419999998185}
{"ret": -0.00042273668917122123, "profit": -0.04317934000000255}
{"ret": -0.00042273668917122123, "profit": -0.04317934000000255}
{"ret": -0.00043643756167863695, "profit": -0.04457878000000401}
{"ret": -0.00043643756167863695, "profit": -0.04457878000000401}
{"ret": -0.00043643756167863695, "profit": -0.04457878000000401}
{"ret": -0.00043643756167863695, "profit": -0.04457878000000401}
{"ret": -0.00043643756167863695, "profit": -0.04457878000000401}
{"ret": -0.00043643756167863695, "profit": -0.04457878000000401}
{"ret": -0.00043643756167863695, "profit": -0.04457878000000401}
{"ret": -0.00043643756167863695, "profit": -0.04457878000000401}
{"ret": -0.00043643756167863695, "profit": -0.04457878000000401}
{"ret": -0.00043643756167863695, "profit": -0.04457878000000401}
{"ret": -0.00043643756167863695, "profit": -0.04457878000000401}
{"ret": -0.00043643756167863695, "profit": -0.04457878000000401}
{"ret": -0.0003689118328921532, "profit": -0.03768154000000347}
{"ret": -0.0003689118328921532, "profit": -0.03768154000000347}
{"ret": -0.000376740902896411, "profit": -0.03848122000000637}
{"ret": -0.000376740902896411, "profit": -0.03848122000000637}
{"ret": -0.000376740902896411, "profit": -0.03848122000000637}
{"ret": -0.000376740902896411, "profit": -0.03848122000000637}
{"ret": -0.001135316327379978, "profit": -0.11591749999998682}
{"ret": -0.001135316327379978, "profit": -0.11591749999998682}
{"ret": -0.0011852466418220008, "profit": -0.121015459999989}
{"ret": -0.0011852466418220008, "profit": -0.121015459999989}
{"ret": -0.0011323792500599298, "profit": -0.1156176199999939}
{"ret": -0.0011323792500599298, "profit": -0.1156176199999939}
{"ret": -0.0011323792500599298, "profit": -0.1156176199999939}
{"ret": -0.0011500017139806202, "profit": -0.11741689999999227}
{"ret": -0.0011500017139806202, "profit": -0.11741689999999227}
{"ret": -0.0011793724871817708, "profit": -0.12041569999998955}
{"ret": -0.0011793724871817708, "profit": -0.12041569999998955}
{"ret": -0.0011793724871817708, "profit": -0.12041569999998955}
{"ret": -0.0011852466418220008, "profit": -0.121015459999989}
{"ret": -0.0011490226882073064, "profit": -0.11731693999999829}
{"ret": -0.0011490226882073064, "profit": -0.11731693999999829}
{"ret": -0.0011490226882073064, "profit": -0.11731693999999829}
{"ret": -0.0011725193067682268, "profit": -0.11971597999999609}
{"ret": -0.0010893021160315755, "profit": -0.1112193799999979}
{"ret": -0.001077553806751062, "profit": -0.11001985999999353}
{"ret": -0.0010403508273629826, "profit": -0.10622138000000156}
{"ret": -0.000996294667561163, "profit": -0.10172317999999608}
{"ret": -0.0009943366160143753, "profit": -0.10152325999999172}
{"ret": -0.0009708399974534548, "profit": -0.0991242199999939}
{"ret": -0.0009404901984788569, "profit": -0.096025459999989}
{"ret": -0.0009404901984788569, "profit": -0.096025459999989}
{"ret": -0.000919930657238145, "profit": -0.09392630000000045}
{"ret": -0.0008876228067168126, "profit": -0.09062761999999663}
{"ret": -0.0008856647551700246, "profit": -0.09042769999999226}
{"ret": -0.0008856647551700246, "profit": -0.09042769999999226}
{"ret": -0.0008856647551700246, "profit": -0.09042769999999226}
{"ret": -0.0009032872190907151, "profit": -0.09222697999999063}
{"ret": -0.0009130774768244676, "profit": -0.09322657999999337}
{"ret": -0.000892517935583729, "profit": -0.0911274200000021}
{"ret": -0.0009218887087848794, "profit": -0.09412621999999934}
{"ret": -0.0008778325489830868, "profit": -0.08962801999999663}
{"ret": -0.0008690213170226125, "profit": -0.08872837999998426}
{"ret": -0.0007397899149375058, "profit": -0.07553365999999173}
{"ret": -0.0007299996572037798, "profit": -0.07453405999999171}
{"ret": -0.0007202093994700452, "profit": -0.07353445999999081}
{"ret": -0.000708461090189585, "profit": -0.07233493999999191}
{"ret": -0.0006967127809091337, "profit": -0.07113541999999391}
{"ret": -0.0006967127809091337, "profit": -0.07113541999999391}
{"ret": -0.000686922523175408, "profit": -0.07013581999999391}
{"ret": -0.000686922523175408, "profit": -0.07013581999999391}
{"ret": -0.000686922523175408, "profit": -0.07013581999999391}
{"ret": -0.0006428663633736153, "profit": -0.06563761999999118}
{"ret": -0.0006369922087333854, "profit": -0.06503785999999173}
{"ret": -0.0006369922087333854, "profit": -0.06503785999999173}
{"ret": -0.0006487405180138454, "profit": -0.06623737999999063}
{"ret": -0.0005694394303706722, "profit": -0.05814061999999118}
{"ret": -0.0006516775953340273, "profit": -0.06653725999999718}
{"ret": -0.0006751742138949477, "profit": -0.068936299999995}
{"ret": -0.0007016079097759164, "profit": -0.07163521999998572}
{"ret": -0.0007113981675096421, "profit": -0.07263481999998572}
{"ret": -0.0008523778788753964, "profit": -0.08702905999999627}
{"ret": -0.0008553149561954446, "profit": -0.08732893999998917}
{"ret": -0.0008553149561954446, "profit": -0.08732893999998917}
{"ret": -0.0008611891108356746, "profit": -0.08792869999998862}
{"ret": -0.0008465037242351663, "profit": -0.08642929999999682}
{"ret": -0.0007965734097931435, "profit": -0.08133133999999463}
{"ret": -0.0007564012843733779, "profit": -0.077172899999992}
{"ret": -0.0007564012843733779, "profit": -0.077172899999992}
{"ret": -0.0007524822986991122, "profit": -0.07677305999999509}
{"ret": -0.0006878190350731522, "profit": -0.07017569999998745}
{"ret": -0.0006878190350731522,