{"ret": -0.0016953190697491162, "profit": -0.17309461999998937}
{"ret": -0.0017795152862592682, "profit": -0.18169118000000065}
{"ret": -0.0018774178635964543, "profit": -0.19168717999999335}
{"ret": -0.0019097257141177867, "profit": -0.19498585999999718}
{"ret": -0.001876438837823105, "profit": -0.19158721999999573}
{"ret": -0.0018852500697833833, "profit": -0.19248685999998807}
{"ret": -0.0019400755130923042, "profit": -0.19808461999999388}
{"ret": -0.001879375915143189, "profit": -0.1918870999999923}
{"ret": -0.001879375915143189, "profit": -0.1918870999999923}
{"ret": -0.001879375915143189, "profit": -0.1918870999999923}
{"ret": -0.0019028725337041003, "profit": -0.19428613999998917}
{"ret": -0.0018382568326615247, "profit": -0.18768877999999065}
{"ret": -0.001859795399675764, "profit": -0.189887899999995}
{"ret": -0.0018402148842083129, "profit": -0.18788869999999502}
{"ret": -0.0018402148842083129, "profit": -0.18788869999999502}
{"ret": -0.0018402148842083129, "profit": -0.18788869999999502}
{"ret": -0.0018402148842083129, "profit": -0.18788869999999502}
{"ret": -0.0018402148842083129, "profit": -0.18788869999999502}
{"ret": -0.0018402148842083129, "profit": -0.18788869999999502}
{"ret": -0.0016688853738680584, "profit": -0.17039569999998955}
{"ret": -0.0016688853738680584, "profit": -0.17039569999998955}
{"ret": -0.0016659482965480103, "profit": -0.17009581999999665}
{"ret": -0.001471122167646898, "profit": -0.15020377999999973}
{"ret": -0.001471122167646898, "profit": -0.15020377999999973}
{"ret": -0.001471122167646898, "profit": -0.15020377999999973}
{"ret": -0.0016023116212788104, "profit": -0.16359841999999844}
{"ret": -0.0014985348893013317, "profit": -0.1530026599999999}
{"ret": -0.0014985348893013317, "profit": -0.1530026599999999}
{"ret": -0.0014985348893013317, "profit": -0.1530026599999999}
{"ret": -0.0014985348893013317, "profit": -0.1530026599999999}
{"ret": -0.0014691641161001811, "profit": -0.15000386000000263}
{"ret": -0.0014691641161001811, "profit": -0.15000386000000263}
{"ret": -0.0014691641161001811, "profit": -0.15000386000000263}
{"ret": -0.0014632899614598176, "profit": -0.14940409999998955}
{"ret": -0.0014603528841397695, "profit": -0.14910421999999665}
{"ret": -0.0014603528841397695, "profit": -0.14910421999999665}
{"ret": -0.0014603528841397695, "profit": -0.14910421999999665}
{"ret": -0.0014603528841397695, "profit": -0.14910421999999665}
{"ret": -0.001598395518185297, "profit": -0.1631985799999961}
{"ret": -0.001598395518185297, "profit": -0.1631985799999961}
{"ret": -0.001598395518185297, "profit": -0.1631985799999961}
{"ret": -0.001598395518185297, "profit": -0.1631985799999961}
{"ret": -0.001598395518185297, "profit": -0.1631985799999961}
{"ret": -0.001598395518185297, "profit": -0.1631985799999961}
{"ret": -0.0016326614202533285, "profit": -0.1666971799999952}
{"ret": -0.00173350107491075, "profit": -0.17699305999999992}
{"ret": -0.001708046404803006, "profit": -0.17439409999999408}
{"ret": -0.001708046404803006, "profit": -0.17439409999999408}
{"ret": -0.001708046404803006, "profit": -0.17439409999999408}
{"ret": -0.001708046404803006, "profit": -0.17439409999999408}
{"ret": -0.0018049699563668696, "profit": -0.18429013999999191}
{"ret": -0.0018049699563668696, "profit": -0.18429013999999191}
{"ret": -0.0018049699563668696, "profit": -0.18429013999999191}
{"ret": -0.0017726621058455371, "profit": -0.18099145999998809}
{"ret": -0.0017726621058455371, "profit": -0.18099145999998809}
{"ret": -0.0016835707604686116, "profit": -0.17189509999998592}
{"ret": -0.001657137064587643, "profit": -0.1691961799999952}
{"ret": -0.001657137064587643, "profit": -0.1691961799999952}
{"ret": -0.001657137064587643, "profit": -0.1691961799999952}
{"ret": -0.0018803549409165472, "profit": -0.19198705999999083}
{"ret": -0.000523221636752787, "profit": -0.053382419999994546}
{"ret": -0.000523221636752787, "profit": -0.053382419999994546}
{"ret": -0.000523221636752787, "profit": -0.053382419999994546}
{"ret": -0.000523221636752787, "profit": -0.053382419999994546}
{"ret": -0.000523221636752787, "profit": -0.053382419999994546}
{"ret": -0.000523221636752787, "profit": -0.053382419999994546}
{"ret": -0.0005437963115427557, "profit": -0.05548157999998581}
{"ret": -0.0005437963115427557, "profit": -0.05548157999998581}
{"ret": -0.0005437963115427557, "profit": -0.05548157999998581}
{"ret": -0.0005526140293099808, "profit": -0.05638121999999182}
{"ret": -0.0005526140293099808, "profit": -0.05638121999999182}
{"ret": -0.0007603202700476348, "profit": -0.07757273999998801}
{"ret": -0.000779915198419115, "profit": -0.07957193999998799}
{"ret": -0.000779915198419115, "profit": -0.07957193999998799}
{"ret": -0.000779915198419115, "profit": -0.07957193999998799}
{"ret": -0.0007818746912562347, "profit": -0.0797718599999851}
{"ret": -0.0008553556726493571, "profit": -0.08726885999999237}
{"ret": -0.0008612341511607959, "profit": -0.08786861999999182}
{"ret": -0.0008641733904165822, "profit": -0.08816849999999837}
{"ret": -0.0008641733904165822, "profit": -0.08816849999999837}
{"ret": -0.0008641733904165822, "profit": -0.08816849999999837}
{"ret": -0.0008641733904165822, "profit": -0.08816849999999837}
{"ret": -0.0008671126296722346, "profit": -0.08846837999999127}
{"ret": -0.0008671126296722346, "profit": -0.08846837999999127}
{"ret": -0.0008671126296722346, "profit": -0.08846837999999127}
{"ret": -0.0008769100938579749, "profit": -0.08946797999999129}
{"ret": -0.0008798493331137609, "profit": -0.08976785999999781}
{"ret": -0.0008798493331137609, "profit": -0.08976785999999781}
{"ret": -0.0008827885723694136, "profit": -0.09006773999999074}
{"ret": -0.0008827885723694136, "profit": -0.09006773999999074}
{"ret": -0.0008886670508808434, "profit": -0.09066749999998927}
{"ret": -0.0009082619792523237, "profit": -0.09266669999998928}
{"ret": -0.0009160999506009444, "profit": -0.09346637999999219}
{"ret": -0.0009160999506009444, "profit": -0.09346637999999219}
{"ret": -0.0009160999506009444, "profit": -0.09346637999999219}
{"ret": -0.0009160999506009444, "profit": -0.09346637999999219}
{"ret": -0.0009160999506009444, "profit": -0.09346637999999219}
{"ret": -0.0009160999506009444, "profit": -0.09346637999999219}
{"ret": -0.0009160999506009444, "profit": -0.09346637999999219}
{"ret": -0.0009160999506009444, "profit": -0.09346637999999219}
{"ret": -0.0009160999506009444, "profit": -0.09346637999999219}
{"ret": -0.0009160999506009444, "profit": -0.09346637999999219}
{"ret": -0.0009160999506009444, "profit": -0.09346637999999219}
{"ret": -0.0009160999506009444, "profit": -0.09346637999999219}
{"ret": -0.0009160999506009444, "profit": -0.09346637999999219}
{"ret": -0.0009190391898567307, "profit": -0.09376625999999874}
{"ret": -0.0009190391898567307, "profit": -0.09376625999999874}
{"ret": -0.000921978429112383, "profit": -0.09406613999999164}
{"ret": -0.000921978429112383, "profit": -0.09406613999999164}
{"ret": -0.000921978429112383, "profit": -0.09406613999999164}
{"ret": -0.000921978429112383, "profit": -0.09406613999999164}
{"ret": -0.0009249176683681693, "profit": -0.09436601999999819}
{"ret": -0.0009484315824139245, "profit": -0.09676505999999602}
{"ret": -0.0009631277786924543, "profit": -0.09826445999998781}
{"ret": -0.0009631277786924543, "profit": -0.09826445999998781}
{"ret": -0.0008200848015806534, "profit": -0.08367029999998837}
{"ret": -0.0007897126626049532, "profit": -0.080571539999998}
{"ret": -0.0007897126626049532, "profit": -0.080571539999998}
{"ret": -0.0007897126626049532, "profit": -0.080571539999998}
{"ret": -0.0007897126626049532, "profit": -0.080571539999998}
