{"ret": -0.0004372709509654012, "profit": -0.04464601999999391}
{"ret": -0.0004372709509654012, "profit": -0.04464601999999391}
{"ret": -0.0004372709509654012, "profit": -0.04464601999999391}
{"ret": -0.0004372709509654012, "profit": -0.04464601999999391}
{"ret": -0.0003364312963080152, "profit": -0.03435013999999281}
{"ret": -0.0002639833890784304, "profit": -0.026953099999991362}
{"ret": -0.00036188596641567903, "profit": -0.03694909999999045}
{"ret": -0.0003648230437358163, "profit": -0.037248979999992445}
{"ret": -0.0003648230437358163, "profit": -0.037248979999992445}
{"ret": -0.0004588095179795426, "profit": -0.04684513999998826}
{"ret": -0.0004676207499399456, "profit": -0.04774477999999335}
{"ret": -0.0005469218375831189, "profit": -0.055841539999992806}
{"ret": -0.0005645443015038094, "profit": -0.05764081999999118}
{"ret": -0.0006086004613056018, "profit": -0.062139019999993904}
{"ret": -0.0006086004613056018, "profit": -0.062139019999993904}
{"ret": -0.0006086004613056018, "profit": -0.062139019999993904}
{"ret": -0.0005792296881044512, "profit": -0.05914021999999662}
{"ret": -0.000552795992223349, "profit": -0.056441299999992256}
{"ret": -0.000552795992223349, "profit": -0.056441299999992256}
{"ret": -0.000552795992223349, "profit": -0.056441299999992256}
{"ret": -0.000552795992223349, "profit": -0.056441299999992256}
{"ret": -0.000552795992223349, "profit": -0.056441299999992256}
{"ret": -0.000552795992223349, "profit": -0.056441299999992256}
{"ret": -0.000552795992223349, "profit": -0.056441299999992256}
{"ret": -0.000552795992223349, "profit": -0.056441299999992256}
{"ret": -0.000552795992223349, "profit": -0.056441299999992256}
{"ret": -0.0005733555334642211, "profit": -0.05854045999999717}
{"ret": -0.0005733555334642211, "profit": -0.05854045999999717}
{"ret": -0.0005733555334642211, "profit": -0.05854045999999717}
{"ret": -0.0005733555334642211, "profit": -0.05854045999999717}
{"ret": -0.0005733555334642211, "profit": -0.05854045999999717}
{"ret": -0.0005733555334642211, "profit": -0.05854045999999717}
{"ret": -0.0005733555334642211, "profit": -0.05854045999999717}
{"ret": -0.0009620287654931231, "profit": -0.09822457999999609}
{"ret": -0.0009620287654931231, "profit": -0.09822457999999609}
{"ret": -0.0011235680180996515, "profit": -0.11471798000000155}
{"ret": -0.0011607709974877666, "profit": -0.11851645999999719}
{"ret": -0.0013712615387627544, "profit": -0.14000785999998536}
{"ret": -0.0013712615387627544, "profit": -0.14000785999998536}
{"ret": -0.001398674260417215, "profit": -0.14280673999998827}
{"ret": -0.0013800727707232376, "profit": -0.14090749999999863}
{"ret": -0.0013507019975219537, "profit": -0.13790869999998773}
{"ret": -0.0013693034872161002, "profit": -0.13980793999999463}
{"ret": -0.0013928001057770564, "profit": -0.1422069799999961}
{"ret": -0.001462310935686486, "profit": -0.14930413999999373}
{"ret": -0.0014681850903267074, "profit": -0.1499038999999923}
{"ret": -0.001477975348060433, "profit": -0.15090349999999228}
{"ret": -0.001491681708887663, "profit": -0.15230293999999373}
{"ret": -0.0013340585593746483, "profit": -0.13620937999999064}
{"ret": -0.0014006323119640119, "profit": -0.14300665999999354}
{"ret": -0.0014251079562983618, "profit": -0.14550565999999718}
{"ret": -0.0014348982140320878, "profit": -0.1465052599999972}
{"ret": -0.0014789543738337467, "profit": -0.15100345999998627}
{"ret": -0.0014789543738337467, "profit": -0.15100345999998627}
{"ret": -0.0014789543738337467, "profit": -0.15100345999998627}
{"ret": -0.0014946187862076936, "profit": -0.15260281999998482}
{"ret": -0.0014965768377544814, "profit": -0.15280273999998917}
{"ret": -0.001508325147034924, "profit": -0.15400225999998626}
{"ret": -0.001602311621278846, "profit": -0.16359842000000208}
{"ret": -0.0005006874691255294, "profit": -0.051083339999988917}
{"ret": -0.0005006874691255294, "profit": -0.051083339999988917}
{"ret": -0.0005006874691255294, "profit": -0.051083339999988917}
{"ret": -0.0005006874691255294, "profit": -0.051083339999988917}
{"ret": -0.0004536596410340194, "profit": -0.04628525999999328}
{"ret": -0.0004536596410340194, "profit": -0.04628525999999328}
{"ret": -0.0004536596410340194, "profit": -0.04628525999999328}
{"ret": -0.0004536596410340194, "profit": -0.04628525999999328}
{"ret": -0.0004536596410340194, "profit": -0.04628525999999328}
{"ret": -0.0004536596410340194, "profit": -0.04628525999999328}
{"ret": -0.0004536596410340194, "profit": -0.04628525999999328}
{"ret": -0.0004536596410340194, "profit": -0.04628525999999328}
{"ret": -0.0004536596410340194, "profit": -0.04628525999999328}
{"ret": -0.0004536596410340194, "profit": -0.04628525999999328}
{"ret": -0.0004536596410340194, "profit": -0.04628525999999328}
{"ret": -0.0004536596410340194, "profit": -0.04628525999999328}
{"ret": -0.0005006874691255205, "profit": -0.051083339999988}
{"ret": -0.0005437963115427915, "profit": -0.055481579999989455}
{"ret": -0.0005437963115427915, "profit": -0.055481579999989455}
{"ret": -0.0005437963115427915, "profit": -0.055481579999989455}
{"ret": -0.0005437963115427915, "profit": -0.055481579999989455}
{"ret": -0.0005437963115427915, "profit": -0.055481579999989455}
{"ret": -0.0005731887040999852, "profit": -0.05848037999998673}
{"ret": -0.0005731887040999852, "profit": -0.05848037999998673}
{"ret": -0.0005731887040999852, "profit": -0.05848037999998673}
{"ret": -0.0005731887040999852, "profit": -0.05848037999998673}
{"ret": -0.0005731887040999852, "profit": -0.05848037999998673}
{"ret": -0.0005731887040999852, "profit": -0.05848037999998673}
{"ret": -0.0005731887040999852, "profit": -0.05848037999998673}
{"ret": -0.0005731887040999852, "profit": -0.05848037999998673}
{"ret": -0.0005986621109828953, "profit": -0.06107933999998527}
{"ret": -0.0005986621109828953, "profit": -0.06107933999998527}
{"ret": -0.0005986621109828953, "profit": -0.06107933999998527}
{"ret": -0.0005986621109828953, "profit": -0.06107933999998527}
{"ret": -0.0005986621109828953, "profit": -0.06107933999998527}
{"ret": -0.0005986621109828953, "profit": -0.06107933999998527}
{"ret": -0.0005986621109828953, "profit": -0.06107933999998527}
{"ret": -0.0005869051539600178, "profit": -0.05987981999998636}
{"ret": -0.0005722089576814879, "profit": -0.05838041999999455}
{"ret": -0.0005722089576814879, "profit": -0.05838041999999455}
{"ret": -0.0005722089576814879, "profit": -0.05838041999999455}
{"ret": -0.0005722089576814879, "profit": -0.05838041999999455}
{"ret": -0.0005722089576814879, "profit": -0.05838041999999455}
{"ret": -0.0005722089576814879, "profit": -0.05838041999999455}
{"ret": -0.0005722089576814879, "profit": -0.05838041999999455}
{"ret": -0.0005722089576814879, "profit": -0.05838041999999455}
{"ret": -0.0005722089576814879, "profit": -0.05838041999999455}
{"ret": -0.0005722089576814879, "profit": -0.05838041999999455}
{"ret": -0.0005722089576814879, "profit": -0.05838041999999455}
{"ret": -0.0005722089576814879, "profit": -0.05838041999999455}
{"ret": -0.0005722089576814879, "profit": -0.05838041999999455}
{"ret": -0.0005722089576814879, "profit": -0.05838041999999455}
{"ret": -0.0005722089576814879, "profit": -0.05838041999999455}
{"ret": -0.0005722089576814879, "profit": -0.05838041999999455}
{"ret": -0.0005722089576814879, "profit": -0.05838041999999455}
{"ret": -0.0005722089576814879, "profit": -0.05838041999999455}
{"ret": -0.0005722089576814879, "profit": -0.05838041999999455}
{"ret": -0.000523221636752787, "profit": -0.053382419999994546}
{"ret": -0.000523221636752787, "profit": -0.053382419999994546}
{"ret": -0.000523221636752787, "profit": -0.053382419999994546}
